-- phpMyAdmin SQL Dump
-- version 4.6.6
-- https://www.phpmyadmin.net/
--
-- 主機: localhost
-- 產生時間： 2018-06-09 18:12:06
-- 伺服器版本: 5.7.17-log
-- PHP 版本： 5.6.30

SET SQL_MODE = "NO_AUTO_VALUE_ON_ZERO";
SET time_zone = "+00:00";


/*!40101 SET @OLD_CHARACTER_SET_CLIENT=@@CHARACTER_SET_CLIENT */;
/*!40101 SET @OLD_CHARACTER_SET_RESULTS=@@CHARACTER_SET_RESULTS */;
/*!40101 SET @OLD_COLLATION_CONNECTION=@@COLLATION_CONNECTION */;
/*!40101 SET NAMES utf8mb4 */;

--
-- 資料庫： `ncku`
--

-- --------------------------------------------------------

--
-- 資料表結構 `department`
--

CREATE TABLE `department` (
  `Dept_code` char(3) NOT NULL,
  `Dept_name` varchar(15) NOT NULL,
  `College` varchar(10) DEFAULT NULL,
  `Campus` varchar(15) DEFAULT NULL
) ENGINE=InnoDB DEFAULT CHARSET=utf8;

--
-- 資料表的匯出資料 `department`
--

INSERT INTO `department` (`Dept_code`, `Dept_name`, `College`, `Campus`) VALUES
('012', '中國文學系', '文學院', '光復'),
('022', '外國語文學系', '文學院', '光復'),
('032', '歷史學系', '文學院', '光復'),
('042', '台灣文學系', '文學院', '光復'),
('052', '數學系', '理學院', '成功'),
('062', '物理學系', '理學院', '成功'),
('072', '化學系', '理學院', '成功'),
('082', '地球科學系', '理學院', '成功'),
('092', '光電科學與工程學系', '理學院', '成功'),
('102', '機械工程學系', '工學院', '自強'),
('112', '化學工程學系', '工學院', '自強'),
('122', '材料科學及工程學系', '工學院', '成功'),
('132', '資源工程學系', '工學院', '成功'),
('142', '土木工程學系', '工學院', '成功'),
('152', '水利及海洋工程學系', '工學院', '成功'),
('162', '工程科學系', '工學院', '成功'),
('172', '系統及船舶機電工程學系', '工學院', '自強'),
('182', '航空太空工程學系', '工學院', '自強'),
('192', '環境工程學系', '工學院', '成功'),
('202', '測量及空間資訊學系', '工學院', '成功'),
('212', '生物醫學工程學系', '工學院', '成杏'),
('222', '能源國際學士學位學程', '工學院', '自強'),
('232', '工業與資訊管理學系', '管理學院', '光復'),
('242', '交通管理科學系', '管理學院', '光復'),
('252', '企業管理學系', '管理學院', '光復'),
('262', '統計學系', '管理學院', '光復'),
('272', '會計學系', '管理學院', '光復'),
('282', '醫學系', '醫學院', '成杏'),
('292', '醫學檢驗生物技術學系', '醫學院', '成杏'),
('302', '護理學系', '醫學院', '成杏'),
('312', '職能治療學系', '醫學院', '成杏'),
('322', '物理治療學系', '醫學院', '成杏'),
('332', '藥學系', '醫學院', '成杏'),
('342', '政治學系', '社會科學院', '力行'),
('352', '經濟學系', '社會科學院', '力行'),
('362', '法律學系', '社會科學院', '力行'),
('372', '心理學系', '社會科學院', '力行'),
('382', '電機工程學系', '電資學院', '自強'),
('392', '資訊工程學系', '電資學院', '成功'),
('402', '建築學系', '規劃與設計學院', '光復'),
('412', '都市計畫學系', '規劃與設計學院', '光復'),
('422', '工業設計學系', '規劃與設計學院', '光復'),
('432', '生命科學系', '生物科學與科技學院', '成功'),
('442', '生物科技與產業科學系', '生物科學與科技學院', '成功'),
('452', '全校不分系學士學位學程', '不分系', '全校'),
('462', '護理學系(公費生)', '醫學院', '成杏'),
('472', '醫學系(公費生)', '醫學院', '成杏');

-- --------------------------------------------------------

--
-- 資料表結構 `interview`
--

CREATE TABLE `interview` (
  `Dept_code` char(3) NOT NULL,
  `Date` date NOT NULL,
  `Cost` int(11) NOT NULL,
  `Num` int(1) NOT NULL
) ENGINE=InnoDB DEFAULT CHARSET=utf8;

--
-- 資料表的匯出資料 `interview`
--

INSERT INTO `interview` (`Dept_code`, `Date`, `Cost`, `Num`) VALUES
('012', '2018-04-20', 1500, 1),
('022', '2018-04-21', 1500, 3),
('032', '2018-04-21', 1500, 2),
('042', '2018-04-21', 1500, 2),
('052', '2018-04-21', 1500, 1),
('062', '2018-04-21', 1000, 1),
('072', '2018-04-20', 1500, 2),
('082', '2018-04-21', 1500, 1),
('092', '2018-04-20', 1000, 4),
('102', '2018-04-21', 1000, 4),
('112', '2018-04-20', 1000, 4),
('122', '2018-04-21', 1000, 4),
('132', '2018-04-21', 1000, 4),
('142', '2018-04-21', 1000, 4),
('152', '2018-04-21', 1500, 2),
('162', '2018-04-21', 1000, 4),
('172', '2018-04-20', 1500, 2),
('182', '2018-04-21', 1000, 4),
('192', '2018-04-21', 1500, 2),
('202', '2018-04-20', 1000, 4),
('212', '2018-04-21', 1000, 4),
('222', '2018-04-21', 1000, 4),
('232', '2018-04-20', 1000, 4),
('242', '2018-04-22', 1500, 2),
('252', '2018-04-20', 1500, 2),
('262', '2018-04-20', 1500, 2),
('272', '2018-04-20', 1500, 2),
('282', '2018-04-22', 1500, 3),
('292', '2018-04-20', 1500, 2),
('302', '2018-04-20', 1500, 2),
('312', '2018-04-20', 1500, 2),
('322', '2018-04-21', 1500, 2),
('332', '2018-04-21', 1000, 2),
('342', '2018-04-21', 1500, 2),
('352', '2018-04-21', 1500, 2),
('362', '2018-04-19', 1500, 2),
('372', '2018-04-20', 1000, 2),
('382', '2018-04-21', 1000, 4),
('392', '2018-04-21', 1000, 4),
('402', '2018-04-22', 1000, 3),
('412', '2018-04-21', 1500, 2),
('422', '2018-04-21', 1500, 3),
('432', '2018-04-20', 1500, 2),
('442', '2018-04-20', 1000, 2),
('452', '2018-04-21', 1500, 2),
('462', '2018-04-20', 1500, 2),
('472', '2018-04-22', 1500, 3);

-- --------------------------------------------------------

--
-- 資料表結構 `interview_type`
--

CREATE TABLE `interview_type` (
  `Num` int(1) NOT NULL,
  `Form` varchar(10) NOT NULL
) ENGINE=InnoDB DEFAULT CHARSET=utf8;

--
-- 資料表的匯出資料 `interview_type`
--

INSERT INTO `interview_type` (`Num`, `Form`) VALUES
(1, '筆試'),
(2, '個人面試'),
(3, '筆試+個人面試'),
(4, '團體面試');

-- --------------------------------------------------------

--
-- 資料表結構 `requirement`
--

CREATE TABLE `requirement` (
  `Year` year(4) NOT NULL DEFAULT '2017',
  `Dept_code` char(3) NOT NULL,
  `Subject1` int(2) NOT NULL,
  `Cond1` int(2) NOT NULL,
  `Subject2` int(2) DEFAULT NULL,
  `Cond2` int(2) DEFAULT NULL,
  `Subject3` int(2) DEFAULT NULL,
  `Cond3` int(2) DEFAULT NULL,
  `Subject4` int(2) DEFAULT NULL,
  `Cond4` int(2) DEFAULT NULL,
  `Subject5` int(2) DEFAULT NULL,
  `Cond5` int(2) DEFAULT NULL
) ENGINE=InnoDB DEFAULT CHARSET=utf8;

--
-- 資料表的匯出資料 `requirement`
--

INSERT INTO `requirement` (`Year`, `Dept_code`, `Subject1`, `Cond1`, `Subject2`, `Cond2`, `Subject3`, `Cond3`, `Subject4`, `Cond4`, `Subject5`, `Cond5`) VALUES
(2017, '012', 7, 25, 1, 15, 0, 0, 0, 0, 0, 0),
(2017, '022', 6, 63, 4, 13, 1, 13, 2, 15, 0, 0),
(2017, '032', 1, 13, 2, 13, 4, 14, 0, 0, 0, 0),
(2017, '042', 4, 12, 2, 13, 1, 13, 0, 0, 0, 0),
(2017, '052', 1, 9, 8, 22, 6, 62, 3, 14, 0, 0),
(2017, '062', 5, 14, 0, 0, 0, 0, 0, 0, 0, 0),
(2017, '072', 5, 14, 0, 0, 0, 0, 0, 0, 0, 0),
(2017, '082', 5, 11, 3, 12, 0, 0, 0, 0, 0, 0),
(2017, '092', 6, 66, 9, 29, 0, 0, 0, 0, 0, 0),
(2017, '102', 6, 64, 14, 41, 0, 0, 0, 0, 0, 0),
(2017, '112', 6, 61, 2, 13, 9, 27, 0, 0, 0, 0),
(2017, '122', 6, 69, 0, 0, 0, 0, 0, 0, 0, 0),
(2017, '132', 1, 12, 2, 12, 5, 12, 3, 13, 6, 64),
(2017, '142', 10, 25, 9, 25, 6, 65, 0, 0, 0, 0),
(2017, '152', 2, 10, 9, 21, 6, 65, 0, 0, 0, 0),
(2017, '162', 6, 60, 3, 13, 5, 14, 0, 0, 0, 0),
(2017, '172', 5, 11, 3, 13, 6, 64, 0, 0, 0, 0),
(2017, '182', 2, 13, 9, 26, 6, 68, 0, 0, 0, 0),
(2017, '192', 6, 66, 0, 0, 0, 0, 0, 0, 0, 0),
(2017, '202', 6, 64, 0, 0, 0, 0, 0, 0, 0, 0),
(2017, '212', 6, 68, 0, 0, 0, 0, 0, 0, 0, 0),
(2017, '222', 2, 13, 9, 23, 6, 64, 0, 0, 0, 0),
(2017, '232', 3, 10, 2, 13, 6, 66, 0, 0, 0, 0),
(2017, '242', 11, 25, 12, 26, 0, 0, 0, 0, 0, 0),
(2017, '252', 3, 13, 2, 14, 0, 0, 0, 0, 0, 0),
(2017, '262', 12, 28, 0, 0, 0, 0, 0, 0, 0, 0),
(2017, '272', 6, 62, 3, 14, 2, 13, 0, 0, 0, 0),
(2017, '282', 4, 14, 1, 14, 2, 15, 5, 15, 13, 89),
(2017, '292', 6, 62, 2, 14, 5, 13, 0, 0, 0, 0),
(2017, '302', 6, 60, 5, 12, 2, 14, 0, 0, 0, 0),
(2017, '312', 6, 69, 5, 13, 0, 0, 0, 0, 0, 0),
(2017, '322', 2, 14, 6, 68, 0, 0, 0, 0, 0, 0),
(2017, '332', 5, 14, 6, 71, 1, 14, 0, 0, 0, 0),
(2017, '342', 2, 13, 4, 13, 1, 14, 0, 0, 0, 0),
(2017, '352', 3, 13, 2, 13, 1, 13, 0, 0, 0, 0),
(2017, '362', 15, 41, 0, 0, 0, 0, 0, 0, 0, 0),
(2017, '372', 16, 54, 0, 0, 0, 0, 0, 0, 0, 0),
(2017, '382', 9, 24, 6, 70, 0, 0, 0, 0, 0, 0),
(2017, '392', 6, 70, 0, 0, 0, 0, 0, 0, 0, 0),
(2017, '402', 6, 68, 0, 0, 0, 0, 0, 0, 0, 0),
(2017, '412', 6, 65, 0, 0, 0, 0, 0, 0, 0, 0),
(2017, '422', 6, 67, 0, 0, 0, 0, 0, 0, 0, 0),
(2017, '432', 2, 13, 3, 11, 5, 13, 0, 0, 0, 0),
(2017, '442', 6, 56, 2, 13, 5, 13, 0, 0, 0, 0),
(2017, '452', 2, 14, 3, 13, 6, 67, 0, 0, 0, 0),
(2017, '462', 6, 60, 5, 13, 2, 13, 0, 0, 0, 0),
(2017, '472', 4, 15, 1, 14, 2, 14, 5, 14, 13, 86);

-- --------------------------------------------------------

--
-- 資料表結構 `standard`
--

CREATE TABLE `standard` (
  `Dept_code` varchar(3) NOT NULL,
  `ch_standerd` varchar(3) NOT NULL,
  `en_standerd` varchar(3) NOT NULL,
  `ma_standerd` varchar(3) NOT NULL,
  `so_standerd` varchar(3) NOT NULL,
  `sc_standerd` varchar(3) NOT NULL,
  `to_standerd` varchar(3) NOT NULL
) ENGINE=InnoDB DEFAULT CHARSET=utf8;

--
-- 資料表的匯出資料 `standard`
--

INSERT INTO `standard` (`Dept_code`, `ch_standerd`, `en_standerd`, `ma_standerd`, `so_standerd`, `sc_standerd`, `to_standerd`) VALUES
('012', '頂標', '均標', '不參考', '前標', '不參考', '不參考'),
('022', '前標', '頂標', '不參考', '不參考', '不參考', '不參考'),
('032', '前標', '前標', '不參考', '前標', '均標', '不參考'),
('042', '頂標', '前標', '不參考', '前標', '不參考', '不參考'),
('052', '後標', '均標', '前標', '不參考', '均標', '不參考'),
('062', '均標', '前標', '前標', '不參考', '前標', '均標'),
('072', '不參考', '前標', '前標', '不參考', '前標', '不參考'),
('082', '不參考', '均標', '均標', '不參考', '前標', '不參考'),
('092', '均標', '均標', '前標', '不參考', '前標', '不參考'),
('102', '均標', '前標', '前標', '均標', '前標', '不參考'),
('112', '前標', '前標', '頂標', '不參考', '頂標', '不參考'),
('122', '不參考', '前標', '頂標', '不參考', '頂標', '不參考'),
('132', '均標', '均標', '均標', '不參考', '均標', '均標'),
('142', '均標', '均標', '均標', '不參考', '均標', '均標'),
('152', '不參考', '均標', '前標', '不參考', '前標', '不參考'),
('162', '不參考', '前標', '前標', '不參考', '前標', '不參考'),
('172', '不參考', '前標', '頂標', '不參考', '前標', '不參考'),
('182', '不參考', '前標', '前標', '不參考', '前標', '不參考'),
('192', '不參考', '不參考', '不參考', '不參考', '不參考', '均標'),
('202', '不參考', '前標', '前標', '不參考', '前標', '不參考'),
('212', '不參考', '前標', '前標', '不參考', '前標', '不參考'),
('222', '不參考', '前標', '前標', '不參考', '前標', '不參考'),
('232', '前標', '前標', '前標', '均標', '前標', '不參考'),
('242', '均標', '前標', '前標', '不參考', '均標', '不參考'),
('252', '不參考', '均標', '均標', '不參考', '不參考', '不參考'),
('262', '均標', '前標', '前標', '不參考', '不參考', '不參考'),
('272', '均標', '均標', '均標', '不參考', '不參考', '不參考'),
('282', '頂標', '頂標', '頂標', '頂標', '頂標', '頂標'),
('292', '均標', '均標', '均標', '不參考', '均標', '均標'),
('302', '不參考', '均標', '不參考', '不參考', '均標', '不參考'),
('312', '不參考', '不參考', '不參考', '不參考', '前標', '前標'),
('322', '不參考', '均標', '不參考', '不參考', '前標', '不參考'),
('332', '均標', '均標', '均標', '不參考', '不參考', '不參考'),
('342', '前標', '前標', '均標', '前標', '不參考', '不參考'),
('352', '均標', '均標', '均標', '不參考', '不參考', '不參考'),
('362', '頂標', '頂標', '均標', '頂標', '不參考', '不參考'),
('372', '均標', '均標', '均標', '均標', '均標', '不參考'),
('382', '均標', '均標', '頂標', '不參考', '頂標', '頂標'),
('392', '不參考', '前標', '前標', '不參考', '前標', '不參考'),
('402', '均標', '均標', '均標', '不參考', '不參考', '均標'),
('412', '均標', '均標', '均標', '均標', '均標', '不參考'),
('422', '均標', '均標', '均標', '不參考', '均標', '不參考'),
('432', '均標', '均標', '均標', '不參考', '前標', '不參考'),
('442', '前標', '前標', '均標', '均標', '前標', '均標'),
('452', '前標', '頂標', '頂標', '均標', '均標', '不參考'),
('462', '不參考', '均標', '不參考', '不參考', '均標', '不參考'),
('472', '頂標', '頂標', '頂標', '頂標', '頂標', '頂標');

-- --------------------------------------------------------

--
-- 資料表結構 `standard_index`
--

CREATE TABLE `standard_index` (
  `Stand_Subject` varchar(5) NOT NULL,
  `Index` char(3) NOT NULL,
  `Score` int(2) NOT NULL
) ENGINE=InnoDB DEFAULT CHARSET=utf8;

--
-- 資料表的匯出資料 `standard_index`
--

INSERT INTO `standard_index` (`Stand_Subject`, `Index`, `Score`) VALUES
('國文', '不參考', 0),
('國文', '前標', 12),
('國文', '均標', 11),
('國文', '後標', 9),
('國文', '頂標', 13),
('數學', '不參考', 0),
('數學', '前標', 10),
('數學', '均標', 6),
('數學', '後標', 4),
('數學', '頂標', 12),
('社會', '不參考', 0),
('社會', '前標', 12),
('社會', '均標', 10),
('社會', '後標', 8),
('社會', '頂標', 13),
('總級分', '不參考', 0),
('總級分', '前標', 56),
('總級分', '均標', 45),
('總級分', '後標', 35),
('總級分', '頂標', 63),
('自然', '不參考', 0),
('自然', '前標', 10),
('自然', '均標', 8),
('自然', '後標', 6),
('自然', '頂標', 12),
('英文', '不參考', 0),
('英文', '前標', 13),
('英文', '均標', 10),
('英文', '後標', 6),
('英文', '頂標', 14);

-- --------------------------------------------------------

--
-- 資料表結構 `subject`
--

CREATE TABLE `subject` (
  `Subject_num` int(2) NOT NULL,
  `Sub_name` varchar(20) NOT NULL,
  `ch_mag` int(11) NOT NULL,
  `en_mag` int(11) NOT NULL,
  `ma_mag` int(11) NOT NULL,
  `so_mag` int(11) NOT NULL,
  `sc_mag` int(11) NOT NULL
) ENGINE=InnoDB DEFAULT CHARSET=utf8;

--
-- 資料表的匯出資料 `subject`
--

INSERT INTO `subject` (`Subject_num`, `Sub_name`, `ch_mag`, `en_mag`, `ma_mag`, `so_mag`, `sc_mag`) VALUES
(0, '不參考', 0, 0, 0, 0, 0),
(1, '國文', 1, 0, 0, 0, 0),
(2, '英文', 0, 1, 0, 0, 0),
(3, '數學', 0, 0, 1, 0, 0),
(4, '社會', 0, 0, 0, 1, 0),
(5, '自然', 0, 0, 0, 0, 1),
(6, '總級分', 1, 1, 1, 1, 1),
(7, '英文+社會', 0, 1, 0, 1, 0),
(8, '英文+自然', 0, 1, 0, 0, 1),
(9, '數學+自然', 0, 0, 1, 0, 1),
(10, '國文+英文', 1, 1, 0, 0, 0),
(11, '國文+自然', 1, 0, 0, 0, 1),
(12, '英文+數學', 0, 1, 1, 0, 0),
(13, '數學+總級分', 1, 1, 2, 1, 1),
(14, '英文+數學+自然', 0, 1, 1, 0, 1),
(15, '國文+英文+數學', 1, 1, 1, 0, 0),
(16, '英文+數學+自然+社會', 0, 1, 1, 1, 1);

--
-- 已匯出資料表的索引
--

--
-- 資料表索引 `department`
--
ALTER TABLE `department`
  ADD PRIMARY KEY (`Dept_code`);

--
-- 資料表索引 `interview`
--
ALTER TABLE `interview`
  ADD PRIMARY KEY (`Dept_code`),
  ADD KEY `Num` (`Num`);

--
-- 資料表索引 `interview_type`
--
ALTER TABLE `interview_type`
  ADD PRIMARY KEY (`Num`);

--
-- 資料表索引 `requirement`
--
ALTER TABLE `requirement`
  ADD PRIMARY KEY (`Dept_code`,`Year`),
  ADD KEY `Subject1` (`Subject1`),
  ADD KEY `Subject2` (`Subject2`),
  ADD KEY `Subject3` (`Subject3`),
  ADD KEY `Subject4` (`Subject4`),
  ADD KEY `Subject5` (`Subject5`);

--
-- 資料表索引 `standard`
--
ALTER TABLE `standard`
  ADD PRIMARY KEY (`Dept_code`),
  ADD KEY `Dept_code` (`Dept_code`),
  ADD KEY `Dept_code_2` (`Dept_code`);

--
-- 資料表索引 `standard_index`
--
ALTER TABLE `standard_index`
  ADD PRIMARY KEY (`Stand_Subject`,`Index`);

--
-- 資料表索引 `subject`
--
ALTER TABLE `subject`
  ADD PRIMARY KEY (`Subject_num`),
  ADD UNIQUE KEY `Sub_name` (`Sub_name`);

--
-- 已匯出資料表的限制(Constraint)
--

--
-- 資料表的 Constraints `interview`
--
ALTER TABLE `interview`
  ADD CONSTRAINT `interview_ibfk_1` FOREIGN KEY (`Dept_code`) REFERENCES `department` (`Dept_code`),
  ADD CONSTRAINT `interview_ibfk_2` FOREIGN KEY (`Num`) REFERENCES `interview_type` (`Num`);

--
-- 資料表的 Constraints `requirement`
--
ALTER TABLE `requirement`
  ADD CONSTRAINT `requirement_ibfk_51` FOREIGN KEY (`Dept_code`) REFERENCES `department` (`Dept_code`),
  ADD CONSTRAINT `requirement_ibfk_52` FOREIGN KEY (`Subject1`) REFERENCES `subject` (`Subject_num`),
  ADD CONSTRAINT `requirement_ibfk_53` FOREIGN KEY (`Subject2`) REFERENCES `subject` (`Subject_num`),
  ADD CONSTRAINT `requirement_ibfk_54` FOREIGN KEY (`Subject3`) REFERENCES `subject` (`Subject_num`),
  ADD CONSTRAINT `requirement_ibfk_55` FOREIGN KEY (`Subject4`) REFERENCES `subject` (`Subject_num`),
  ADD CONSTRAINT `requirement_ibfk_56` FOREIGN KEY (`Subject5`) REFERENCES `subject` (`Subject_num`);

--
-- 資料表的 Constraints `standard`
--
ALTER TABLE `standard`
  ADD CONSTRAINT `standard_ibfk_1` FOREIGN KEY (`Dept_code`) REFERENCES `department` (`Dept_code`);

/*!40101 SET CHARACTER_SET_CLIENT=@OLD_CHARACTER_SET_CLIENT */;
/*!40101 SET CHARACTER_SET_RESULTS=@OLD_CHARACTER_SET_RESULTS */;
/*!40101 SET COLLATION_CONNECTION=@OLD_COLLATION_CONNECTION */;
